,Unnamed: 0.4,Unnamed: 0.3,Unnamed: 0.2,Unnamed: 0.1,Unnamed: 0,ress
0,0.0,0.0,0.0,0.0,0.0,0.0
1,1.0,1.0,1.0,1.0,,0.6666666666666666
2,2.0,2.0,2.0,,,0.3333333333333333
3,3.0,3.0,,,,0.3247619047619047
4,4.0,,,,,0.2245410870901067
5,,,,,,0.2903280423280423
